,adeF,gyrA,HelR,nimG,otr(A),poxtA,qacG,qacJ,rox,rpsL,rsmA,soxR,tet(D),vanG,vanH_in vanA,vanH_in vanB,vanH_in vanD,vanH_in vanF,vanH_in vanO,vanO,vanT_in vanG,vanW_in vanB,vanW_in vanG,vanW_in vanI,vanY_in vanA,vanY_in vanB,vanY_in vanF,vanY_in vanG,vanY_in vanM,Taxa
OTU1,0,0,0,0,0,0,0,0,0,0,0,0,0,0,0,0,0,0,0,0,0,0,0,1,0,0,0,0,0,d__Bacteria;p__Acidobacteriota;c__Blastocatellia;o__Chloracidobacteriales;f__Chloracidobacteriaceae
OTU2,0,0,0,0,0,0,0,0,0,0,0,0,0,0,0,0,0,0,0,0,9,0,28,3,0,3,0,0,0,d__Bacteria;p__Acidobacteriota;c__Blastocatellia;o__Pyrinomonadales;f__Pyrinomonadaceae
OTU3,0,0,0,0,0,0,0,0,0,0,0,0,0,0,0,0,0,0,0,0,0,0,0,0,0,2,0,0,0,d__Bacteria;p__Acidobacteriota;c__Blastocatellia;o__RBC074;f__RBC074
OTU4,0,0,0,0,0,0,0,0,0,0,0,0,0,0,0,0,0,0,0,0,0,0,0,0,0,1,0,0,0,d__Bacteria;p__Acidobacteriota;c__Blastocatellia;o__Unc;f__Unc
OTU5,1,0,0,0,0,0,0,0,0,0,0,0,0,0,0,0,0,0,0,0,1,0,0,0,0,0,0,0,0,d__Bacteria;p__Acidobacteriota;c__Terriglobia;o__Acidoferrales;f__UBA7541
OTU6,2,0,0,0,0,0,0,0,0,0,0,0,0,0,0,1,0,0,0,0,5,0,0,0,0,0,0,0,0,d__Bacteria;p__Acidobacteriota;c__Terriglobia;o__Bryobacterales;f__Bryobacteraceae
OTU7,1,0,0,0,0,0,0,0,0,0,0,0,0,0,0,0,0,0,0,0,3,0,0,0,0,0,0,0,0,d__Bacteria;p__Acidobacteriota;c__Terriglobia;o__Terriglobales;f__SbA1
OTU8,0,0,0,0,0,0,0,0,0,0,0,0,0,0,0,0,0,0,0,0,2,0,0,0,0,0,0,0,0,d__Bacteria;p__Acidobacteriota;c__Thermoanaerobaculia;o__Gp7-AA8;f__Gp7-AA8
OTU9,1,0,0,0,0,0,0,0,0,0,0,0,0,0,0,0,0,0,0,0,3,0,0,0,0,0,0,1,0,d__Bacteria;p__Acidobacteriota;c__Thermoanaerobaculia;o__UBA5066;f__Gp7-AA6
OTU10,2,0,0,0,0,0,0,0,0,0,0,0,0,0,0,0,0,0,0,0,3,0,0,0,0,0,0,0,0,d__Bacteria;p__Acidobacteriota;c__Vicinamibacteria;o__Vicinamibacterales;f__2-12-FULL-66-21
OTU11,0,0,0,0,0,0,0,0,0,0,0,0,0,0,0,0,0,0,0,0,1,0,0,0,0,0,0,0,0,d__Bacteria;p__Acidobacteriota;c__Vicinamibacteria;o__Vicinamibacterales;f__SCN-69-37
OTU12,0,0,0,0,0,0,0,0,0,0,0,0,0,0,0,0,0,0,0,0,3,0,0,0,0,0,0,0,0,d__Bacteria;p__Acidobacteriota;c__Vicinamibacteria;o__Vicinamibacterales;f__UBA2999
OTU13,0,0,0,0,0,0,0,0,0,0,0,0,0,0,0,0,0,0,0,0,0,0,0,3,0,0,0,0,0,d__Bacteria;p__Actinomycetota;c__Acidimicrobiia;o__Acidimicrobiales;f__AC-14
OTU14,0,0,0,0,0,0,0,0,0,0,0,0,0,0,0,0,0,0,0,0,0,0,0,3,0,0,0,0,0,d__Bacteria;p__Actinomycetota;c__Acidimicrobiia;o__Acidimicrobiales;f__CADCSY01
OTU15,0,0,0,0,0,0,0,0,0,0,0,0,0,0,0,0,0,0,0,0,0,0,0,1,0,0,0,0,0,d__Bacteria;p__Actinomycetota;c__Acidimicrobiia;o__Acidimicrobiales;f__GCA-2861595
OTU16,0,0,0,0,0,0,0,0,0,0,0,0,0,0,0,0,0,0,0,0,1,0,0,4,0,3,0,0,0,d__Bacteria;p__Actinomycetota;c__Acidimicrobiia;o__Acidimicrobiales;f__Iamiaceae
OTU17,0,0,0,0,0,0,0,0,0,9,0,0,0,0,0,0,0,0,0,0,1,0,0,0,0,5,0,0,0,d__Bacteria;p__Actinomycetota;c__Acidimicrobiia;o__Acidimicrobiales;f__Ilumatobacteraceae
OTU18,0,0,0,0,0,0,0,0,0,3,0,0,0,0,0,0,0,0,0,0,1,0,0,6,0,2,0,0,0,d__Bacteria;p__Actinomycetota;c__Acidimicrobiia;o__Acidimicrobiales;f__JACCXE01
OTU19,0,0,0,0,0,0,0,0,0,0,0,0,0,0,0,0,0,0,0,0,0,0,0,5,0,1,1,0,0,d__Bacteria;p__Actinomycetota;c__Acidimicrobiia;o__Acidimicrobiales;f__JACDCH01
OTU20,0,0,0,0,0,0,0,0,0,0,0,0,0,0,0,0,0,0,0,0,0,0,0,0,0,1,0,0,0,d__Bacteria;p__Actinomycetota;c__Acidimicrobiia;o__Acidimicrobiales;f__JAEUJM01
OTU21,0,0,0,0,0,0,0,0,0,0,0,0,0,0,0,0,0,0,0,0,0,0,0,1,0,0,0,0,0,d__Bacteria;p__Actinomycetota;c__Acidimicrobiia;o__Acidimicrobiales;f__JANYDT01
OTU22,0,0,0,0,0,0,0,0,0,0,0,0,0,0,0,0,0,0,0,0,1,0,0,2,0,0,0,0,0,d__Bacteria;p__Actinomycetota;c__Acidimicrobiia;o__Acidimicrobiales;f__JAUJNH01
OTU23,0,0,0,0,0,0,0,0,0,0,0,0,0,0,0,0,0,0,0,0,0,0,0,0,0,1,0,0,0,d__Bacteria;p__Actinomycetota;c__Acidimicrobiia;o__Acidimicrobiales;f__Microtrichaceae
OTU24,0,0,0,0,0,0,0,0,0,0,0,0,0,0,0,0,0,0,0,0,1,0,0,0,0,0,0,0,0,d__Bacteria;p__Actinomycetota;c__Acidimicrobiia;o__Acidimicrobiales;f__Palsa-688
OTU25,0,0,0,0,0,0,0,0,0,0,0,0,0,0,0,0,0,0,0,0,2,0,0,1,0,1,0,0,0,d__Bacteria;p__Actinomycetota;c__Acidimicrobiia;o__Acidimicrobiales;f__UBA8139
OTU26,0,0,0,0,0,0,0,0,0,1,0,0,0,0,0,0,0,0,0,0,0,0,0,1,0,2,0,0,0,d__Bacteria;p__Actinomycetota;c__Acidimicrobiia;o__Acidimicrobiales;f__Unc
OTU27,0,0,0,0,0,0,0,0,0,0,0,0,0,0,0,0,0,0,0,0,0,0,0,0,0,1,0,0,0,d__Bacteria;p__Actinomycetota;c__Acidimicrobiia;o__IMCC26256;f__BP-133
OTU28,0,0,0,0,0,0,0,0,0,0,0,0,0,0,0,0,0,0,0,0,0,0,0,2,0,0,0,0,0,d__Bacteria;p__Actinomycetota;c__Acidimicrobiia;o__IMCC26256;f__IMCC26256
OTU29,0,0,0,0,0,0,0,0,0,0,0,0,0,0,0,0,0,0,0,0,0,0,0,1,0,1,0,0,0,d__Bacteria;p__Actinomycetota;c__Acidimicrobiia;o__IMCC26256;f__JAGPDB01
OTU30,0,0,0,0,0,0,0,0,0,0,0,0,0,0,0,0,0,0,0,0,0,0,0,1,0,0,0,0,0,d__Bacteria;p__Actinomycetota;c__Acidimicrobiia;o__IMCC26256;f__JAOSJM01
OTU31,0,0,0,0,0,0,0,0,0,0,0,0,0,0,0,0,0,0,0,0,1,0,0,0,0,0,0,0,0,d__Bacteria;p__Actinomycetota;c__Acidimicrobiia;o__IMCC26256;f__PALSA-555
OTU32,0,0,0,0,0,0,0,0,0,1,0,0,0,0,0,0,0,0,0,0,1,0,0,1,0,0,0,0,0,d__Bacteria;p__Actinomycetota;c__Acidimicrobiia;o__IMCC26256;f__PALSA-610
OTU33,0,0,0,0,0,0,0,0,0,0,0,0,0,0,0,0,0,0,0,0,0,0,0,2,0,0,0,0,0,d__Bacteria;p__Actinomycetota;c__Acidimicrobiia;o__IMCC26256;f__Unc
OTU34,0,0,0,0,0,0,0,0,0,1,0,0,0,0,0,0,0,0,0,0,0,0,0,2,0,0,0,0,0,d__Bacteria;p__Actinomycetota;c__Acidimicrobiia;o__UBA5794;f__ZC4RG35
OTU35,0,0,0,0,0,0,0,0,0,0,0,0,0,0,0,0,0,0,0,0,0,0,0,2,0,2,0,1,0,d__Bacteria;p__Actinomycetota;c__Actinomycetes;o__Actinomycetales;f__Angustibacteraceae
OTU36,0,0,0,0,0,0,0,0,0,0,0,0,0,0,0,0,0,0,0,0,0,1,0,3,0,1,0,0,3,d__Bacteria;p__Actinomycetota;c__Actinomycetes;o__Actinomycetales;f__Cellulomonadaceae
OTU37,0,0,0,0,0,0,0,0,0,0,0,0,0,0,0,0,0,0,0,0,0,0,0,3,0,2,0,0,0,d__Bacteria;p__Actinomycetota;c__Actinomycetes;o__Actinomycetales;f__Demequinaceae
OTU38,0,0,0,0,1,0,0,0,0,0,0,0,0,0,0,0,0,0,0,0,0,1,2,28,1,12,0,1,4,d__Bacteria;p__Actinomycetota;c__Actinomycetes;o__Actinomycetales;f__Dermatophilaceae
OTU39,0,0,0,0,0,0,0,0,0,0,0,0,0,0,0,0,0,0,0,0,2,0,0,0,3,9,6,0,2,d__Bacteria;p__Actinomycetota;c__Actinomycetes;o__Actinomycetales;f__Microbacteriaceae
OTU40,0,0,0,0,0,0,0,0,0,0,0,0,0,0,0,0,0,0,0,0,0,0,0,0,0,4,0,0,3,d__Bacteria;p__Actinomycetota;c__Actinomycetes;o__Actinomycetales;f__Micrococcaceae
OTU41,0,0,0,0,0,0,0,0,0,0,0,0,0,0,0,0,0,0,0,0,1,0,0,0,0,0,0,0,0,d__Bacteria;p__Actinomycetota;c__Actinomycetes;o__Actinomycetales;f__Unc
OTU42,0,0,0,0,0,0,0,0,0,0,0,0,0,0,0,0,0,0,0,0,0,0,0,12,0,3,0,0,0,d__Bacteria;p__Actinomycetota;c__Actinomycetes;o__JACCUZ01;f__JACCUZ01
OTU43,0,0,0,0,0,0,0,0,0,0,0,0,0,0,0,0,0,0,0,0,0,0,0,3,0,0,0,0,0,d__Bacteria;p__Actinomycetota;c__Actinomycetes;o__JACCYY01;f__JACCYY01
OTU44,0,0,0,0,0,0,0,0,0,0,0,0,0,0,0,0,0,0,0,0,0,0,0,1,0,0,0,0,0,d__Bacteria;p__Actinomycetota;c__Actinomycetes;o__JAHEKZ01;f__JAHEKZ01
OTU45,0,0,0,0,0,0,0,0,0,0,0,0,0,0,0,0,0,0,0,0,0,0,0,0,0,1,0,0,0,d__Bacteria;p__Actinomycetota;c__Actinomycetes;o__Mycobacteriales;f__BP-191
OTU46,0,0,0,0,0,0,0,0,0,0,0,0,0,0,0,0,0,0,0,0,8,0,0,17,0,3,0,0,0,d__Bacteria;p__Actinomycetota;c__Actinomycetes;o__Mycobacteriales;f__Geodermatophilaceae
OTU47,0,0,0,0,0,0,0,0,0,0,0,0,0,0,0,0,0,0,0,0,1,0,0,1,0,0,0,0,0,d__Bacteria;p__Actinomycetota;c__Actinomycetes;o__Mycobacteriales;f__JALYNC01
OTU48,0,0,0,0,0,0,0,0,0,0,0,0,0,0,0,0,0,0,0,0,0,0,0,1,0,0,0,0,0,d__Bacteria;p__Actinomycetota;c__Actinomycetes;o__Mycobacteriales;f__JALYXH01
OTU49,0,0,0,0,0,0,0,0,0,0,0,0,0,0,0,0,0,0,0,0,0,0,0,0,0,0,0,1,0,d__Bacteria;p__Actinomycetota;c__Actinomycetes;o__Mycobacteriales;f__JAVEEB01
OTU50,0,0,0,0,0,0,0,0,0,0,0,0,0,0,0,0,0,0,0,0,0,0,0,0,0,1,0,0,0,d__Bacteria;p__Actinomycetota;c__Actinomycetes;o__Mycobacteriales;f__JAVEEJ01
OTU51,0,0,0,0,0,0,0,0,0,0,0,0,0,0,0,0,0,0,0,0,1,0,0,3,0,0,0,0,0,d__Bacteria;p__Actinomycetota;c__Actinomycetes;o__Mycobacteriales;f__Mycobacteriaceae
OTU52,0,0,0,0,0,0,0,0,0,0,0,0,0,0,0,0,0,0,0,0,0,0,0,1,0,0,0,0,0,d__Bacteria;p__Actinomycetota;c__Actinomycetes;o__Mycobacteriales;f__Nakamurellaceae
OTU53,0,0,0,0,0,0,0,0,0,0,1,0,0,0,0,0,0,0,0,0,0,0,0,12,0,0,0,0,0,d__Bacteria;p__Actinomycetota;c__Actinomycetes;o__Mycobacteriales;f__Pseudonocardiaceae
OTU54,0,0,1,0,0,0,0,0,0,0,0,0,0,0,0,0,0,0,0,0,0,0,0,0,0,0,0,0,0,d__Bacteria;p__Actinomycetota;c__Actinomycetes;o__Mycobacteriales;f__QHCA01
OTU55,0,0,0,0,0,0,0,0,0,0,0,0,0,0,0,0,0,0,0,0,0,0,0,25,0,30,0,1,0,d__Bacteria;p__Actinomycetota;c__Actinomycetes;o__Mycobacteriales;f__SCTD01
OTU56,0,0,1,0,0,0,0,0,0,0,0,0,0,0,0,0,0,0,0,0,0,0,0,5,0,0,1,0,0,d__Bacteria;p__Actinomycetota;c__Actinomycetes;o__Mycobacteriales;f__Unc
OTU57,0,0,0,0,0,0,0,0,0,0,0,0,0,0,0,0,0,0,0,0,0,1,1,0,0,0,0,0,0,d__Bacteria;p__Actinomycetota;c__Actinomycetes;o__Propionibacteriales;f__Kribbellaceae
OTU58,0,0,0,0,12,0,0,0,0,1,0,0,0,0,0,0,0,0,0,0,1,4,6,65,0,1,0,0,0,d__Bacteria;p__Actinomycetota;c__Actinomycetes;o__Propionibacteriales;f__Nocardioidaceae
OTU59,0,0,0,0,0,0,0,0,0,0,0,0,0,0,0,0,0,0,0,0,0,0,2,2,0,1,0,0,1,d__Bacteria;p__Actinomycetota;c__Actinomycetes;o__Propionibacteriales;f__Propionibacteriaceae
OTU60,0,0,0,0,0,0,0,0,0,0,0,0,0,0,0,0,0,0,0,0,0,1,2,1,0,0,0,0,0,d__Bacteria;p__Actinomycetota;c__Actinomycetes;o__Propionibacteriales;f__Unc
OTU61,0,0,0,0,0,0,0,0,0,0,0,0,0,0,0,0,0,0,0,0,0,0,0,1,0,0,0,0,0,d__Bacteria;p__Actinomycetota;c__Actinomycetes;o__S36-B12;f__CAIYMF01
OTU62,0,0,0,0,9,0,0,0,2,0,0,0,0,0,0,0,0,0,0,0,0,0,0,0,0,0,0,0,0,d__Bacteria;p__Actinomycetota;c__Actinomycetes;o__Streptomycetales;f__Streptomycetaceae
OTU63,0,0,0,0,1,0,0,0,0,0,0,0,0,0,0,0,0,0,0,0,0,0,0,0,0,0,0,0,0,d__Bacteria;p__Actinomycetota;c__Actinomycetes;o__Streptosporangiales;f__Streptosporangiaceae
OTU64,0,0,0,0,0,0,0,0,0,0,0,0,0,0,0,0,0,0,0,0,0,0,0,2,0,0,0,0,0,d__Bacteria;p__Actinomycetota;c__Actinomycetes;o__Streptosporangiales;f__WHST01
OTU65,0,1,1,0,5,0,1,0,3,1,0,0,0,0,0,0,0,0,0,1,1,0,2,7,0,7,2,0,0,d__Bacteria;p__Actinomycetota;c__Actinomycetes;o__Unc;f__Unc
OTU66,0,0,0,0,0,0,0,0,0,0,0,0,0,0,0,0,0,0,0,0,0,0,0,1,0,0,0,0,0,d__Bacteria;p__Actinomycetota;c__Coriobacteriia;o__Anaerosomatales;f__Anaerosomataceae
OTU67,0,0,0,0,0,0,0,0,0,0,0,0,0,0,0,0,0,0,0,0,0,0,0,2,0,0,0,0,0,d__Bacteria;p__Actinomycetota;c__Coriobacteriia;o__Anaerosomatales;f__PHET01
OTU68,0,0,0,0,0,0,0,0,0,0,0,0,0,0,0,0,0,0,0,0,0,0,1,0,0,0,0,0,0,d__Bacteria;p__Actinomycetota;c__Coriobacteriia;o__Anaerosomatales;f__Unc
OTU69,0,0,0,0,0,0,0,0,0,0,0,0,0,0,0,0,0,0,0,0,2,0,0,25,0,0,2,3,2,d__Bacteria;p__Actinomycetota;c__Rubrobacteria;o__Rubrobacterales;f__Rubrobacteraceae
OTU70,0,0,0,0,0,0,0,0,0,0,0,0,0,0,0,0,0,0,0,0,1,0,0,5,0,0,0,0,0,d__Bacteria;p__Actinomycetota;c__Thermoleophilia;o__Gaiellales;f__F1-60-MAGs149
OTU71,0,0,0,0,10,0,0,0,0,0,0,0,0,5,0,0,0,0,0,0,1,0,0,189,0,0,0,0,1,d__Bacteria;p__Actinomycetota;c__Thermoleophilia;o__Gaiellales;f__Gaiellaceae
OTU72,0,0,0,0,0,0,0,0,0,0,0,0,0,0,0,0,0,0,0,0,0,0,0,0,1,0,0,0,0,d__Bacteria;p__Actinomycetota;c__Thermoleophilia;o__Gaiellales;f__SKUG01
OTU73,0,0,0,0,0,0,0,0,0,0,0,0,0,0,0,0,0,0,0,0,0,0,0,1,0,0,0,0,0,d__Bacteria;p__Actinomycetota;c__Thermoleophilia;o__Gaiellales;f__Unc
OTU74,0,0,0,0,0,0,0,0,0,0,0,0,0,0,0,0,0,0,0,0,0,0,0,2,4,1,0,0,3,d__Bacteria;p__Actinomycetota;c__Thermoleophilia;o__Solirubrobacterales;f__70-9
OTU75,0,0,0,0,0,0,0,0,0,0,0,0,0,0,0,0,0,0,0,0,3,0,0,35,0,21,2,1,0,d__Bacteria;p__Actinomycetota;c__Thermoleophilia;o__Solirubrobacterales;f__Solirubrobacteraceae
OTU76,0,0,0,0,0,0,0,0,0,0,0,0,0,0,0,0,0,0,0,0,5,0,0,0,1,1,4,0,15,d__Bacteria;p__Actinomycetota;c__Thermoleophilia;o__Solirubrobacterales;f__Thermoleophilaceae
OTU77,0,0,0,0,0,0,0,0,0,0,0,0,0,0,0,0,0,0,0,0,0,0,0,0,0,3,3,0,1,d__Bacteria;p__Actinomycetota;c__Thermoleophilia;o__Solirubrobacterales;f__Unc
OTU78,0,0,0,0,0,0,0,0,0,0,0,0,0,0,0,0,0,0,0,0,0,0,0,3,0,0,0,0,0,d__Bacteria;p__Actinomycetota;c__Thermoleophilia;o__Unc;f__Unc
OTU79,0,0,0,0,2,0,0,0,0,0,0,0,0,0,0,0,0,0,0,0,4,0,0,1,0,2,0,0,0,d__Bacteria;p__Actinomycetota;c__UBA4738;o__CADDZG01;f__WHSQ01
OTU80,0,0,0,0,0,0,0,0,0,0,0,0,0,0,0,0,0,0,0,0,1,0,0,0,0,0,0,0,0,d__Bacteria;p__Actinomycetota;c__UBA4738;o__UBA4738;f__HRBIN12
OTU81,0,0,0,0,0,0,0,0,0,0,0,0,0,0,0,0,0,0,0,0,2,0,1,24,0,0,0,0,0,d__Bacteria;p__Armatimonadota;c__Abditibacteriia;o__Abditibacteriales;f__Abditibacteriaceae
OTU82,0,0,0,0,0,0,0,0,0,0,0,0,0,0,0,0,0,0,0,0,0,0,1,10,0,0,0,0,0,d__Bacteria;p__Armatimonadota;c__Armatimonadia;o__Armatimonadales;f__Armatimonadaceae
OTU83,0,0,0,0,0,0,0,0,0,0,0,0,0,0,0,0,0,0,0,0,0,0,0,2,0,0,0,0,0,d__Bacteria;p__Armatimonadota;c__Armatimonadia;o__Armatimonadales;f__Capsulimonadaceae
OTU84,0,0,0,0,0,0,0,0,0,0,0,0,0,0,0,0,0,0,0,0,0,0,0,1,0,0,0,0,0,d__Bacteria;p__Armatimonadota;c__DTGP01;o__JAKQQT01;f__JAKQQT01
OTU85,0,0,0,0,0,0,0,0,0,0,0,0,0,0,0,0,0,0,0,0,0,0,0,1,0,0,0,0,0,d__Bacteria;p__Armatimonadota;c__Fimbriimonadia;o__Fimbriimonadales;f__Fimbriimonadaceae
OTU86,0,0,0,0,0,0,0,0,0,0,0,0,0,0,0,0,0,0,0,0,0,0,0,2,0,0,0,0,0,d__Bacteria;p__Bacillota_A;c__Clostridia;o__Clostridiales;f__Clostridiaceae
OTU87,0,0,0,0,0,0,0,0,0,0,0,0,0,0,0,0,0,0,0,0,0,0,1,0,0,0,0,0,0,d__Bacteria;p__Bacillota_A;c__Clostridia;o__Lachnospirales;f__WQUN01
OTU88,0,0,0,0,0,0,0,0,0,0,0,0,0,0,0,0,0,0,0,0,0,0,0,0,1,0,0,0,0,d__Bacteria;p__Bacillota_A;c__Clostridia;o__Peptostreptococcales;f__Anaerovoracaceae
OTU89,0,0,0,1,0,0,0,0,0,0,0,0,0,0,0,0,0,0,0,0,0,0,0,0,0,0,0,0,0,d__Bacteria;p__Bacillota_A;c__Clostridia;o__Unc;f__Unc
OTU90,0,0,0,0,0,0,0,0,0,0,0,0,0,0,0,0,0,0,0,0,0,0,0,0,0,0,0,1,0,d__Bacteria;p__Bacillota_D;c__Proteinivoracia;o__Proteinivoracales;f__Proteinivoraceae
OTU91,0,0,0,0,0,0,0,0,0,0,0,0,0,0,0,0,0,0,0,0,0,0,0,0,0,0,0,1,0,d__Bacteria;p__Bacillota;c__Bacilli;o__Lactobacillales;f__Carnobacteriaceae
OTU92,0,0,0,0,0,0,0,0,0,0,0,0,0,0,0,0,0,0,0,0,1,0,0,0,0,0,0,0,0,d__Bacteria;p__Bacteroidota;c__Bacteroidia;o__2-12-FULL-35-15;f__2-12-FULL-35-15
OTU93,0,0,0,0,0,0,0,0,0,0,0,0,0,0,0,0,0,0,0,0,2,0,0,0,0,0,0,0,0,d__Bacteria;p__Bacteroidota;c__Bacteroidia;o__Bacteroidales;f__UBA4417
OTU94,11,0,0,0,0,0,0,0,0,0,0,0,0,0,0,4,0,0,1,0,41,0,0,1,0,0,0,0,0,d__Bacteria;p__Bacteroidota;c__Bacteroidia;o__Chitinophagales;f__Chitinophagaceae
OTU95,0,0,0,0,0,0,0,0,0,0,0,0,0,0,1,0,0,0,0,0,2,0,0,0,0,2,0,0,0,d__Bacteria;p__Bacteroidota;c__Bacteroidia;o__Chitinophagales;f__Saprospiraceae
OTU96,0,0,0,0,0,0,0,0,0,0,0,0,0,0,0,2,0,0,0,0,0,0,0,0,0,1,0,0,0,d__Bacteria;p__Bacteroidota;c__Bacteroidia;o__Cytophagales;f__Cyclobacteriaceae
OTU97,0,0,0,0,0,0,0,0,0,0,0,0,0,0,0,0,0,0,0,0,1,0,0,0,0,0,0,0,0,d__Bacteria;p__Bacteroidota;c__Bacteroidia;o__Cytophagales;f__Cytophagaceae
OTU98,0,0,0,0,0,0,0,1,0,0,0,0,0,0,0,0,0,0,0,0,1,0,0,0,0,0,0,0,0,d__Bacteria;p__Bacteroidota;c__Bacteroidia;o__Cytophagales;f__Hymenobacteraceae
OTU99,0,0,0,0,0,0,1,0,0,0,0,0,0,0,0,1,0,0,0,0,2,0,0,0,0,0,0,0,0,d__Bacteria;p__Bacteroidota;c__Bacteroidia;o__Cytophagales;f__Spirosomataceae
OTU100,0,0,0,0,0,0,0,1,0,0,0,0,0,0,0,0,0,0,0,0,3,0,0,0,0,2,0,0,0,d__Bacteria;p__Bacteroidota;c__Bacteroidia;o__Flavobacteriales;f__Flavobacteriaceae
OTU101,0,0,0,0,0,0,0,0,0,0,0,0,0,0,0,0,0,0,0,0,1,0,0,0,0,0,0,0,0,d__Bacteria;p__Bacteroidota;c__Bacteroidia;o__Flavobacteriales;f__Unc
OTU102,0,0,0,0,0,0,0,0,0,0,0,0,0,0,0,0,0,0,0,0,4,0,0,0,0,0,0,0,0,d__Bacteria;p__Bacteroidota;c__Bacteroidia;o__Flavobacteriales;f__Weeksellaceae
OTU103,0,0,0,0,0,0,0,0,0,0,0,0,0,0,0,0,0,1,0,0,5,0,0,0,0,0,0,0,0,d__Bacteria;p__Bacteroidota;c__Bacteroidia;o__Sphingobacteriales;f__Sphingobacteriaceae
OTU104,1,0,0,0,0,0,0,0,0,0,0,0,0,0,0,0,0,0,0,0,0,0,0,0,0,0,0,0,0,d__Bacteria;p__Bacteroidota;c__Bacteroidia;o__Unc;f__Unc
OTU105,0,0,0,0,0,0,0,0,0,0,0,0,0,0,0,0,0,0,0,0,0,0,0,1,0,0,0,0,0,d__Bacteria;p__Chloroflexota;c__Anaerolineae;o__Anaerolineales;f__Anaerolineaceae
OTU106,0,0,0,0,0,0,0,0,0,0,0,0,0,0,0,0,0,0,0,0,0,0,0,1,0,0,1,0,0,d__Bacteria;p__Chloroflexota;c__Anaerolineae;o__Anaerolineales;f__UBA6663
OTU107,0,0,0,0,0,0,0,0,0,0,0,0,0,0,0,0,0,0,0,0,0,0,0,0,0,0,0,0,1,d__Bacteria;p__Chloroflexota;c__Anaerolineae;o__Anaerolineales;f__VGOW01
OTU108,0,0,0,0,0,0,0,0,0,0,0,0,0,0,0,0,0,0,0,0,0,0,0,5,0,0,0,0,0,d__Bacteria;p__Chloroflexota;c__Anaerolineae;o__Anaerolineales;f__Villigracilaceae
OTU109,0,0,0,0,0,0,0,0,0,0,0,0,0,0,0,0,0,0,0,0,0,0,0,1,0,0,0,0,0,d__Bacteria;p__Chloroflexota;c__Anaerolineae;o__Caldilineales;f__Caldilineaceae
OTU110,0,0,0,0,0,0,0,0,0,0,0,0,0,0,0,0,0,0,0,0,0,0,0,1,0,0,0,0,0,d__Bacteria;p__Chloroflexota;c__Anaerolineae;o__Epilineales;f__Epilineaceae
OTU111,0,0,0,0,0,0,0,0,0,0,0,0,0,0,0,0,0,0,0,0,0,0,0,1,0,0,0,0,0,d__Bacteria;p__Chloroflexota;c__Anaerolineae;o__J036;f__Brachytrichaceae
OTU112,0,0,0,0,0,0,0,0,0,0,0,0,0,0,0,0,0,0,0,0,0,0,0,5,0,1,0,0,0,d__Bacteria;p__Chloroflexota;c__Anaerolineae;o__JACRMK01;f__JACRMK01
OTU113,0,0,0,0,0,0,0,0,0,0,0,0,0,0,0,0,0,0,0,0,0,0,0,6,0,0,0,0,0,d__Bacteria;p__Chloroflexota;c__Chloroflexia;o__Chloroflexales;f__Roseiflexaceae
OTU114,0,0,0,0,0,0,0,0,0,0,0,0,0,0,0,0,0,0,0,0,2,0,0,17,0,0,0,0,0,d__Bacteria;p__Chloroflexota;c__Chloroflexia;o__QHBQ01;f__JADMIH01
OTU115,0,0,0,0,0,0,0,0,0,0,0,0,0,0,0,0,0,0,0,0,0,0,0,4,0,0,0,0,0,d__Bacteria;p__Chloroflexota;c__Chloroflexia;o__QHBQ01;f__QHBQ01
OTU116,0,0,0,0,0,0,0,0,0,0,0,0,0,0,0,0,0,0,0,0,0,0,0,1,0,0,0,0,0,d__Bacteria;p__Chloroflexota;c__Chloroflexia;o__Thermobaculales;f__Thermobaculaceae
OTU117,0,0,0,0,1,0,0,0,0,0,0,0,0,0,0,0,0,0,0,0,1,0,0,5,0,0,0,0,0,d__Bacteria;p__Chloroflexota;c__Chloroflexia;o__Thermomicrobiales;f__JALYUS01
OTU118,0,0,0,0,0,0,0,0,0,0,0,0,0,0,0,0,0,0,0,0,0,0,0,5,0,0,0,0,0,d__Bacteria;p__Chloroflexota;c__Chloroflexia;o__Thermomicrobiales;f__UBA6265
OTU119,0,0,0,0,0,0,0,0,0,0,0,0,0,1,0,0,0,0,0,0,1,0,0,0,0,0,4,0,0,d__Bacteria;p__Chloroflexota;c__Dehalococcoidia;o__Tepidiformales;f__Tepidiformaceae
OTU120,0,0,0,0,0,0,0,0,0,0,0,0,0,0,0,0,0,0,0,0,1,0,1,0,0,0,0,0,0,d__Bacteria;p__Chloroflexota;c__Dormibacteria;o__Dormibacterales;f__Dormibacteraceae
OTU121,0,0,0,0,0,0,0,0,0,1,0,0,0,0,0,0,0,0,0,0,0,0,0,0,0,0,0,0,0,d__Bacteria;p__Chloroflexota;c__Dormibacteria;o__UBA8260;f__UBA8260
OTU122,0,0,0,0,0,0,0,0,0,0,0,0,0,0,0,0,0,0,0,0,2,0,0,0,0,0,0,0,0,d__Bacteria;p__Chloroflexota;c__Dormibacteria;o__Unc;f__Unc
OTU123,0,0,0,0,0,1,0,0,0,0,0,0,0,0,0,0,0,0,0,0,2,0,0,0,0,0,0,0,0,d__Bacteria;p__Chloroflexota;c__Ktedonobacteria;o__Ktedonobacterales;f__Ktedonobacteraceae
OTU124,0,0,0,0,2,0,0,0,0,0,0,0,0,0,0,0,0,0,0,0,4,3,8,34,2,1,2,12,15,d__Bacteria;p__Chloroflexota;c__Limnocylindria;o__Limnocylindrales;f__CSP1-4
OTU125,0,0,0,0,0,0,0,0,0,0,0,0,0,0,0,0,0,0,0,0,3,0,0,24,0,0,0,0,0,d__Bacteria;p__Chloroflexota;c__Limnocylindria;o__P2-11E;f__P2-11E
OTU126,0,0,0,0,0,0,0,0,0,0,0,0,0,0,0,0,0,0,0,0,9,0,0,17,0,1,3,1,16,d__Bacteria;p__Chloroflexota;c__Limnocylindria;o__QHBO01;f__QHBO01
OTU127,0,0,0,0,1,0,0,0,0,0,0,0,0,0,0,0,0,0,0,0,0,0,0,2,0,0,0,3,2,d__Bacteria;p__Chloroflexota;c__Limnocylindria;o__Unc;f__Unc
OTU128,0,0,0,0,0,0,0,0,0,0,0,0,0,0,0,0,0,0,0,0,0,0,0,6,1,0,1,0,1,d__Bacteria;p__Chloroflexota;c__UBA6077;o__UBA6077;f__JACCZL01
OTU129,1,0,0,0,0,0,0,0,0,0,0,0,0,0,0,0,0,0,0,0,1,0,0,0,1,0,0,0,0,d__Bacteria;p__Cyanobacteriota;c__Cyanobacteriia;o__Cyanobacteriales;f__Microcoleaceae
OTU130,1,0,0,0,0,0,0,0,0,0,0,0,0,0,0,0,0,0,0,0,1,0,5,0,0,1,6,0,0,d__Bacteria;p__Cyanobacteriota;c__Cyanobacteriia;o__Leptolyngbyales;f__Leptolyngbyaceae
OTU131,0,0,0,0,0,0,0,0,0,0,0,0,0,0,0,0,0,0,0,0,0,0,0,0,0,1,0,0,1,d__Bacteria;p__Cyanobacteriota;c__Cyanobacteriia;o__Phormidesmiales;f__Phormidesmiaceae
OTU132,0,0,0,0,0,0,0,0,0,0,0,0,0,0,0,0,0,0,0,0,0,0,3,0,0,0,0,0,0,d__Bacteria;p__Cyanobacteriota;c__Cyanobacteriia;o__Unc;f__Unc
OTU133,0,0,0,0,0,0,0,0,0,0,0,0,0,0,0,0,0,0,0,0,0,0,0,2,0,0,0,0,0,d__Bacteria;p__Deinococcota;c__Deinococci;o__Deinococcales;f__Deinococcaceae
OTU134,0,0,0,0,0,0,0,0,0,0,0,0,0,0,0,0,0,0,0,0,0,0,0,3,0,0,0,0,0,d__Bacteria;p__Deinococcota;c__Deinococci;o__Deinococcales;f__JAAFIG01
OTU135,0,0,0,0,0,0,0,0,0,0,0,0,0,0,0,0,0,0,0,0,1,0,0,0,0,0,0,0,0,d__Bacteria;p__Desulfobacterota;c__Desulfuromonadia;o__Desulfuromonadales;f__UBA2197
OTU136,0,0,0,0,0,0,0,0,0,0,0,0,0,0,0,0,0,0,0,0,1,0,0,0,0,0,0,0,0,d__Bacteria;p__Elusimicrobiota;c__Elusimicrobia;o__UBA1565;f__UBA9628
OTU137,0,0,0,0,0,0,0,0,0,0,0,0,0,0,0,0,0,0,0,0,4,0,0,0,0,0,0,0,0,d__Bacteria;p__Eremiobacterota;c__Eremiobacteria;o__Baltobacterales;f__Baltobacteraceae
OTU138,1,0,0,0,0,0,0,0,0,0,0,0,0,0,0,0,0,0,0,0,1,0,0,0,0,0,0,0,0,d__Bacteria;p__Eremiobacterota;c__Eremiobacteria;o__Eremiobacterales;f__Eremiobacteraceae
OTU139,2,0,0,0,0,0,0,0,0,0,0,0,2,0,0,0,0,0,0,0,0,0,0,1,0,0,0,0,0,d__Bacteria;p__Gemmatimonadota;c__Gemmatimonadetes;o__Gemmatimonadales;f__Gemmatimonadaceae
OTU140,2,0,0,0,0,0,0,0,0,0,0,0,0,0,0,0,0,0,0,0,0,0,0,0,0,0,0,0,0,d__Bacteria;p__Gemmatimonadota;c__Gemmatimonadetes;o__Gemmatimonadales;f__GWC2-71-9
OTU141,1,0,0,0,0,0,0,0,0,0,0,0,0,0,0,0,0,0,0,0,0,0,0,0,0,0,0,0,0,d__Bacteria;p__Gemmatimonadota;c__Gemmatimonadetes;o__Unc;f__Unc
OTU142,0,0,0,0,0,0,0,0,0,0,0,0,0,0,0,0,0,0,0,0,0,0,3,0,0,2,0,0,1,d__Bacteria;p__Myxococcota;c__Myxococcia;o__Myxococcales;f__Myxococcaceae
OTU143,0,0,0,0,0,0,0,0,0,0,0,0,0,0,0,0,0,0,0,0,1,0,0,11,0,0,1,0,1,d__Bacteria;p__Myxococcota;c__Polyangia;o__Haliangiales;f__Haliangiaceae
OTU144,0,0,0,0,0,0,0,0,0,0,0,0,0,0,0,0,0,0,0,0,0,0,0,2,0,0,0,0,0,d__Bacteria;p__Myxococcota;c__Polyangia;o__Haliangiales;f__Unc
OTU145,0,0,0,0,0,0,0,0,0,0,0,0,0,0,0,0,0,0,0,0,0,0,0,1,0,0,0,0,0,d__Bacteria;p__Myxococcota;c__Polyangia;o__Palsa-1104;f__Palsa-1104
OTU146,0,0,0,0,0,0,0,0,0,0,0,0,0,0,0,0,0,0,0,0,0,0,0,1,0,0,0,0,1,d__Bacteria;p__Myxococcota;c__Polyangia;o__Polyangiales;f__Ga0077539
OTU147,0,0,0,0,0,0,0,0,0,0,0,0,0,0,0,0,0,0,0,0,0,0,0,2,0,0,0,1,0,d__Bacteria;p__Myxococcota;c__Polyangia;o__Polyangiales;f__JADJMO01
OTU148,0,0,0,0,0,0,0,0,0,0,0,0,0,0,0,0,0,0,0,0,1,0,0,26,0,3,0,0,0,d__Bacteria;p__Myxococcota;c__Polyangia;o__Polyangiales;f__Polyangiaceae
OTU149,0,0,0,0,0,0,0,0,0,0,0,0,0,0,0,0,0,0,0,0,0,0,0,1,0,0,0,0,0,d__Bacteria;p__Myxococcota;c__Polyangia;o__Polyangiales;f__Sandaracinaceae
OTU150,0,0,0,0,0,0,0,0,0,0,0,0,0,0,0,0,0,0,0,0,0,0,0,2,0,0,0,0,0,d__Bacteria;p__Myxococcota;c__Polyangia;o__Polyangiales;f__SG8-38
OTU151,0,0,0,0,0,0,0,0,0,0,0,0,0,0,0,0,0,0,0,0,0,0,0,2,0,0,0,0,0,d__Bacteria;p__Myxococcota;c__Polyangia;o__Polyangiales;f__Unc
OTU152,0,0,0,0,0,0,0,0,0,0,0,0,0,0,0,0,0,0,0,0,0,0,0,0,0,1,0,0,0,d__Bacteria;p__Myxococcota;c__Polyangia;o__Unc;f__Unc
OTU153,0,0,0,0,0,0,0,0,0,0,0,0,0,0,0,0,0,0,0,0,1,0,0,0,0,0,0,0,0,d__Bacteria;p__Nitrospirota;c__Nitrospiria;o__Nitrospirales;f__Nitrospiraceae
OTU154,0,0,0,0,0,0,0,0,0,0,0,0,0,0,0,0,0,0,0,0,0,0,0,1,0,0,0,0,0,d__Bacteria;p__Patescibacteria;c__ABY1;o__BM507;f__UBA12465
OTU155,0,0,0,0,0,0,0,0,0,0,0,0,0,0,0,0,0,0,0,0,0,0,0,2,0,0,0,0,0,d__Bacteria;p__Patescibacteria;c__ABY1;o__SG8-24;f__2-12-FULL-60-25
OTU156,0,0,0,0,0,0,0,0,0,0,0,0,0,0,0,0,0,0,0,0,1,0,1,1,0,0,0,0,0,d__Bacteria;p__Patescibacteria;c__ABY1;o__SG8-24;f__UBA9934
OTU157,0,0,0,0,0,0,0,0,0,0,0,0,0,0,0,0,0,0,0,0,0,0,0,1,0,0,0,0,0,d__Bacteria;p__Patescibacteria;c__Andersenbacteria;o__UBA10190;f__UBA10190
OTU158,0,0,0,0,0,0,0,0,0,0,0,0,0,0,0,0,0,0,0,0,0,0,0,2,0,0,0,0,0,d__Bacteria;p__Patescibacteria;c__Doudnabacteria;o__UBA920;f__UBA920
OTU159,0,0,0,0,0,0,0,0,0,0,0,0,0,0,0,0,0,0,0,0,0,0,0,2,0,0,0,0,0,d__Bacteria;p__Patescibacteria;c__Gracilibacteria;o__Peribacterales;f__Peribacteraceae
OTU160,0,0,0,0,0,0,0,0,0,0,0,0,0,0,0,0,0,0,0,0,0,0,0,4,0,0,0,0,0,d__Bacteria;p__Patescibacteria;c__Microgenomatia;o__Levybacterales;f__UBA12049
OTU161,0,0,0,0,0,0,0,0,0,0,0,0,0,0,0,0,0,0,0,0,0,0,0,1,0,0,0,0,0,d__Bacteria;p__Patescibacteria;c__Paceibacteria;o__Paceibacterales;f__Staskawiczbacteraceae
OTU162,0,0,0,0,0,0,0,0,0,0,0,0,0,0,0,0,0,0,0,0,0,0,0,0,0,0,0,1,0,d__Bacteria;p__Patescibacteria;c__Paceibacteria;o__UBA9973;f__CAIZLB01
OTU163,0,0,0,0,0,0,0,0,0,0,0,0,0,0,0,0,0,0,0,0,0,0,0,0,0,1,0,0,0,d__Bacteria;p__Patescibacteria;c__Paceibacteria;o__UBA9973;f__CAJBRS01
OTU164,0,0,0,0,0,0,0,0,0,0,0,0,0,0,0,0,0,0,0,0,0,0,0,0,0,1,0,0,0,d__Bacteria;p__Patescibacteria;c__Paceibacteria;o__UBA9973;f__JAKAEA01
OTU165,0,0,0,0,0,0,0,0,0,0,0,0,0,0,0,0,0,0,0,0,0,0,0,0,0,0,1,0,0,d__Bacteria;p__Patescibacteria;c__Paceibacteria;o__UBA9973;f__UBA2100
OTU166,0,0,0,0,0,0,0,0,0,0,0,0,0,0,0,0,0,0,0,0,1,0,0,0,1,4,0,0,1,d__Bacteria;p__Patescibacteria;c__Paceibacteria;o__UBA9973;f__UBA9973
OTU167,0,0,0,0,0,0,0,0,0,0,0,0,0,0,0,0,0,0,0,0,0,0,1,0,0,0,0,0,0,d__Bacteria;p__Patescibacteria;c__Paceibacteria;o__UBA9973;f__Unc
OTU168,0,0,0,0,0,0,0,0,0,0,0,0,0,0,0,0,0,0,0,0,0,0,0,0,0,0,1,0,0,d__Bacteria;p__Patescibacteria;c__Paceibacteria;o__UBA9973;f__Zambryskibacteraceae
OTU169,0,0,0,0,0,0,0,0,0,0,0,0,0,0,0,0,0,0,0,0,0,0,0,0,0,0,0,0,1,d__Bacteria;p__Patescibacteria;c__Paceibacteria;o__Unc;f__Unc
OTU170,0,0,0,0,0,0,0,0,0,0,0,0,0,0,0,0,0,0,0,0,0,0,0,0,0,0,1,0,0,d__Bacteria;p__Patescibacteria;c__Saccharimonadia;o__Saccharimonadales;f__2-12-FULL-41-12
OTU171,0,0,0,0,0,0,0,0,0,0,0,0,0,0,0,0,0,0,0,0,0,0,0,0,0,2,0,0,0,d__Bacteria;p__Patescibacteria;c__Saccharimonadia;o__Saccharimonadales;f__AWTP1-31
OTU172,0,0,0,0,0,0,0,0,0,0,0,0,0,0,0,0,0,0,0,0,0,0,0,0,1,1,0,0,0,d__Bacteria;p__Patescibacteria;c__Saccharimonadia;o__Saccharimonadales;f__JACDBH01
OTU173,0,0,0,0,0,0,0,0,0,0,0,0,0,0,0,0,0,0,0,0,0,0,0,0,0,1,0,0,2,d__Bacteria;p__Patescibacteria;c__Saccharimonadia;o__Saccharimonadales;f__JACPYF01
OTU174,0,0,0,0,0,0,0,0,0,0,0,0,0,0,0,0,0,0,0,0,0,0,0,0,0,0,0,5,1,d__Bacteria;p__Patescibacteria;c__Saccharimonadia;o__Saccharimonadales;f__SZUA-47
OTU175,0,0,0,0,0,0,0,0,0,0,0,0,0,0,0,0,0,0,0,0,0,0,0,0,0,2,0,0,0,d__Bacteria;p__Patescibacteria;c__Saccharimonadia;o__Saccharimonadales;f__UBA1020
OTU176,0,0,0,0,0,0,0,0,0,0,0,0,0,0,0,0,0,0,0,0,0,0,0,0,0,5,0,0,1,d__Bacteria;p__Patescibacteria;c__Saccharimonadia;o__Saccharimonadales;f__UBA1547
OTU177,0,0,0,0,0,0,0,0,0,0,0,0,0,0,0,0,0,0,0,0,0,0,0,0,3,3,1,2,3,d__Bacteria;p__Patescibacteria;c__Saccharimonadia;o__Saccharimonadales;f__UBA4665
OTU178,0,0,0,0,0,0,0,0,0,0,0,0,0,0,0,0,0,0,0,0,0,0,0,0,0,1,0,0,1,d__Bacteria;p__Patescibacteria;c__Saccharimonadia;o__Saccharimonadales;f__UBA5946
OTU179,0,0,0,0,0,0,0,0,0,0,0,0,0,0,0,0,0,0,0,0,0,0,0,0,2,3,1,3,0,d__Bacteria;p__Patescibacteria;c__Saccharimonadia;o__Saccharimonadales;f__Unc
OTU180,0,0,0,0,0,0,0,0,0,0,0,0,0,0,0,0,0,0,0,0,0,0,0,4,0,0,0,0,0,d__Bacteria;p__Patescibacteria;c__Saccharimonadia;o__UBA4664;f__UBA4664
OTU181,0,0,0,0,0,0,0,0,0,0,0,0,0,0,0,0,0,0,0,0,0,0,0,1,0,0,0,0,0,d__Bacteria;p__Patescibacteria;c__UBA1384;o__CAJBMM01;f__CAJBMM01
OTU182,0,0,0,0,0,0,0,0,0,0,1,0,0,0,0,0,0,0,0,0,0,0,0,0,0,0,0,0,0,d__Bacteria;p__Planctomycetota;c__Planctomycetia;o__Gemmatales;f__Gemmataceae
OTU183,1,0,0,0,0,0,0,0,0,0,0,0,0,0,0,0,0,0,0,0,0,0,0,0,0,0,0,0,0,d__Bacteria;p__Planctomycetota;c__UBA11346;o__UBA11346;f__UBA11346
OTU184,0,0,0,0,0,0,0,0,0,0,1,0,0,0,0,0,0,0,0,0,0,0,0,0,0,0,0,0,0,d__Bacteria;p__Pseudomonadota;c__Alphaproteobacteria;o__Acetobacterales;f__Acetobacteraceae
OTU185,0,0,0,0,0,0,0,0,0,0,0,0,0,0,0,0,0,0,0,0,0,0,0,0,0,0,1,0,0,d__Bacteria;p__Pseudomonadota;c__Alphaproteobacteria;o__Caulobacterales;f__TH1-2
OTU186,0,0,0,0,0,0,0,0,0,0,0,0,0,0,0,0,0,0,0,0,0,0,1,0,0,0,0,0,0,d__Bacteria;p__Pseudomonadota;c__Alphaproteobacteria;o__Reyranellales;f__Reyranellaceae
OTU187,0,0,0,0,0,0,0,0,0,0,0,0,0,0,0,0,0,0,0,0,0,2,3,0,0,0,0,0,0,d__Bacteria;p__Pseudomonadota;c__Alphaproteobacteria;o__Rhizobiales;f__Aestuariivirgaceae
OTU188,0,0,0,0,0,0,0,0,0,0,0,0,0,0,0,0,0,0,0,0,0,0,0,0,0,0,0,1,0,d__Bacteria;p__Pseudomonadota;c__Alphaproteobacteria;o__Rhizobiales;f__Unc
OTU189,0,0,0,0,0,0,0,0,0,0,0,0,0,0,0,0,0,0,0,0,0,0,0,0,0,2,0,0,0,d__Bacteria;p__Pseudomonadota;c__Alphaproteobacteria;o__Rhizobiales;f__Xanthobacteraceae
OTU190,3,0,0,0,0,0,0,0,0,0,0,0,0,0,0,0,0,0,0,0,0,1,0,2,0,1,0,0,2,d__Bacteria;p__Pseudomonadota;c__Alphaproteobacteria;o__Sphingomonadales;f__Sphingomonadaceae
OTU191,2,0,0,0,0,0,0,0,0,0,0,0,0,0,0,0,0,0,0,0,0,0,0,0,0,0,0,0,0,d__Bacteria;p__Pseudomonadota;c__Alphaproteobacteria;o__Unc;f__Unc
OTU192,11,0,0,0,0,0,7,1,0,0,0,0,0,0,0,0,0,0,0,0,0,0,0,0,0,2,1,0,1,d__Bacteria;p__Pseudomonadota;c__Gammaproteobacteria;o__Burkholderiales;f__Burkholderiaceae
OTU193,0,0,0,0,0,0,1,0,0,0,0,0,0,0,0,0,0,0,0,0,0,0,0,0,0,0,0,0,0,d__Bacteria;p__Pseudomonadota;c__Gammaproteobacteria;o__Burkholderiales;f__Methylophilaceae
OTU194,0,0,1,0,0,0,4,0,0,0,0,0,0,0,0,0,0,0,0,0,2,0,0,0,0,0,0,0,0,d__Bacteria;p__Pseudomonadota;c__Gammaproteobacteria;o__Burkholderiales;f__Nitrosomonadaceae
OTU195,4,0,0,0,0,0,0,0,0,0,1,0,0,0,0,0,0,0,0,0,1,0,0,0,0,0,0,0,0,d__Bacteria;p__Pseudomonadota;c__Gammaproteobacteria;o__Burkholderiales;f__Unc
OTU196,0,0,0,0,0,0,0,0,0,0,1,0,0,0,0,0,0,0,0,0,0,0,0,0,0,0,0,0,0,d__Bacteria;p__Pseudomonadota;c__Gammaproteobacteria;o__Competibacterales;f__Competibacteraceae
OTU197,0,0,0,0,0,0,0,0,0,0,1,0,0,0,0,0,1,0,0,0,0,0,0,0,0,0,0,0,0,d__Bacteria;p__Pseudomonadota;c__Gammaproteobacteria;o__Pseudomonadales;f__Cellvibrionaceae
OTU198,0,0,0,0,0,0,0,1,0,0,1,0,0,0,0,0,0,0,0,0,0,0,0,0,0,0,0,0,0,d__Bacteria;p__Pseudomonadota;c__Gammaproteobacteria;o__Pseudomonadales;f__Moraxellaceae
OTU199,0,0,0,0,0,0,2,0,0,0,1,0,0,0,0,0,0,0,0,0,0,0,0,0,0,0,0,0,0,d__Bacteria;p__Pseudomonadota;c__Gammaproteobacteria;o__Pseudomonadales;f__Oleiphilaceae
OTU200,1,0,0,0,0,0,0,0,0,0,3,1,0,0,0,0,0,0,0,0,0,1,0,0,0,0,0,0,0,d__Bacteria;p__Pseudomonadota;c__Gammaproteobacteria;o__Pseudomonadales;f__Pseudomonadaceae
OTU201,0,0,0,0,0,0,0,0,0,0,1,0,0,0,0,0,0,0,0,0,0,0,0,0,0,0,0,0,0,d__Bacteria;p__Pseudomonadota;c__Gammaproteobacteria;o__Pseudomonadales;f__Unc
OTU202,1,0,0,0,0,0,0,0,0,0,3,0,1,0,0,0,0,0,0,0,0,0,0,0,0,2,0,0,0,d__Bacteria;p__Pseudomonadota;c__Gammaproteobacteria;o__Steroidobacterales;f__Steroidobacteraceae
OTU203,5,0,0,0,0,0,0,0,0,0,5,0,0,0,0,0,0,0,0,0,1,0,0,0,0,0,0,0,1,d__Bacteria;p__Pseudomonadota;c__Gammaproteobacteria;o__Unc;f__Unc
OTU204,3,0,0,0,0,0,0,0,0,0,15,0,0,0,0,0,0,0,0,0,6,0,1,1,2,1,0,0,14,d__Bacteria;p__Pseudomonadota;c__Gammaproteobacteria;o__Xanthomonadales;f__Rhodanobacteraceae
OTU205,1,0,0,0,0,0,0,0,0,0,5,0,0,0,0,0,0,0,0,0,0,0,0,0,0,0,0,0,1,d__Bacteria;p__Pseudomonadota;c__Gammaproteobacteria;o__Xanthomonadales;f__Unc
OTU206,1,0,0,0,0,0,0,1,0,0,17,0,0,0,0,0,0,0,0,0,11,0,4,1,11,1,0,0,50,d__Bacteria;p__Pseudomonadota;c__Gammaproteobacteria;o__Xanthomonadales;f__Xanthomonadaceae
OTU207,6,0,0,0,1,0,0,2,0,0,0,0,0,0,0,0,0,0,0,0,3,1,0,5,1,8,0,1,1,d__Bacteria;p__Unc;c__Unc;o__Unc;f__Unc
OTU208,0,0,0,0,0,0,0,0,0,0,0,0,0,0,0,1,0,0,0,0,11,0,0,0,0,0,0,0,0,d__Bacteria;p__Verrucomicrobiota;c__Verrucomicrobiae;o__Chthoniobacterales;f__UBA10450
OTU209,0,0,0,0,0,0,0,0,0,0,0,0,0,0,0,0,0,0,0,0,0,0,0,0,0,0,0,0,1,d__Bacteria;p__Verrucomicrobiota;c__Verrucomicrobiae;o__Limisphaerales;f__UBA9464
OTU210,0,0,0,0,0,0,0,0,0,0,0,0,0,0,0,0,0,0,0,0,0,0,0,0,0,0,2,0,2,d__Bacteria;p__Verrucomicrobiota;c__Verrucomicrobiae;o__Opitutales;f__Opitutaceae
OTU211,2,0,0,0,0,0,0,0,0,0,0,0,0,0,0,0,0,0,0,0,1,0,0,0,0,0,0,0,0,d__Bacteria;p__Verrucomicrobiota;c__Verrucomicrobiae;o__Verrucomicrobiales;f__V1-33
OTU212,2,0,0,0,0,0,0,0,0,0,0,0,0,0,0,0,0,0,0,0,0,0,0,0,0,0,0,0,0,p__Acidobacteriota;p__Unc;c__Unc;o__Unc;f__g__
OTU213,0,0,0,0,3,0,0,0,0,5,0,0,0,0,0,0,0,0,0,0,0,0,0,3,0,1,0,0,0,p__Actinomycetota;p__Unc;c__Unc;o__Unc;f__g__
OTU214,0,0,0,0,0,0,0,0,0,0,0,0,0,0,0,0,0,0,0,0,0,0,0,3,0,0,0,0,0,p__Chloroflexota;p__Unc;c__Unc;o__Unc;f__g__
OTU215,0,0,0,0,0,0,0,0,0,0,0,0,0,0,0,0,0,0,0,0,0,0,0,1,0,0,0,2,0,p__Myxococcota;p__Unc;c__Unc;o__Unc;f__g__
OTU216,0,0,0,0,0,0,0,0,0,0,0,0,0,0,0,0,0,0,0,0,0,0,0,0,0,1,0,0,1,p__Patescibacteria;p__Unc;c__Unc;o__Unc;f__g__
OTU217,2,0,0,0,0,0,0,0,0,0,0,0,0,0,0,0,0,0,0,0,0,0,0,0,0,1,0,0,1,p__Pseudomonadota;p__Unc;c__Unc;o__Unc;f__g__
OTU218,0,0,0,0,1,0,0,0,0,0,3,0,0,0,0,0,0,0,0,0,2,0,1,9,0,4,3,1,3,unclassified;p__Unc;c__Unc;o__Unc;f__Unc